Food Detective (216) , 2ml serum , Sunday & Wednesday ,5000,
Anti-gliadin antibody (IgA) , 2ml serum , Monaday 10 AM Result 4 PM ,100,
Anti-gliadin antibody (IgG) , 2ml EDTA whole blood , Monaday 10 AMResult 4 PM ,100,
Anti-Gad Ab , 2 ml serum , Saturday 4 AM -Result 10 PM ,300,
Anti-Centromere Abs IF , 2 ml serum , Every Day 11 AM ,100,
Cholinesterase in Whole Blood , 2ml serum or EDTA whole blood , Day ,45,
IGF 1 , 2ml frozen EDTA plasma , Tuseday 10 AM ,200,
Plasma Renin Activity , 2ml EDTA whole blood , Every Day 11 AM ,145,
Tacrolimus (FK506) Level , 2ml EDTA whole blood , Every Day 5 PM ,270,
17-Hydroxy Progesterone , Serum , Run:Sat/Wed -11 Am Result: 5pm ,43,
17 ketosteroids ,20ml from 24h urine on 10gm Boric acid , 10 Days ,175,
A/G Ratio  ,Serum , 1 Day ,9,
AB-Thrombo Type Plus  ,10ml whole blood EDTA , Run:Sun/Wed- 8Am Result: After two days ,800,
ABO (Blood Group)  ,EDTA , 1 Day ,3,
ABO Ab Titre  ,Serum , 1 Day ,75,
ACE (Angiotensin Converting Enzyme) ,Serum , 2 Days ,200,
Acid Phosphatase (Prostatic -PAP) , Frozen serum , 1 Day ,75,
Acid Phosphatase (Total) ,Frozen serum , 1 Day ,75,
ACTH AM ,EDTA Plasma , 1 Day ,40,
ACTH PM ,EDTA Plasma , 1 Day ,40,
ADA (Adenosine Deaminase) , Pleural fluid , 1 Day ,65,
ADA (Adenosine Deaminase) , Serum , 1 Day ,65,
ADA (Adenosine Deaminase in ascitic fluid) , Ascitic fluid , 1 Day ,65,
ADA (Adenosine Deaminase in CSF) , CSF , 1 Day ,65,
AFP (Pregnancy) , Serum , 1 Day ,19,
AFP in Serum , Serum , 1 Day ,19,
Albumin , Serum , 1 Day ,4,
Albumin/Creatinine Ratio , Random urine sample , 1 Day ,25,
Albumin in CSF , CSF , 1 Day ,10,
Alcohol in Serum quantitative , Frozen serum , 1 Day ,100,
Aldosterone , Frozen serum , Run: Sat. 4 pm Result: 10 pm ,100,
Alkaline Phosphatase , Serum , 1 Day ,6,
Alpha 1 Antitrypsin , Serum , Run: Mon. 4 pmResult: 10 pm ,50,
ALT (SGPT) , Serum , 1 Day ,5,
AMA (Anti Mitochondrial Abs) , Serum , Daily run:   12 pm Result: 7 Pm ,50,
AMH (Anti-Mullerian Hormone) , Serum , 1 Day ,140,
Ammonia (NH3) , Heparin/EDTA frozen plasma , 1 Day ,45,
Amphetamine in Urine , Urine , 1 Day ,21,
Amylase , Serum , 1 Day ,14,
Amylase in Urine , 5ml from 24h urine, 1 Day ,14,
Amyloid A , Serum , Run:Sun/Wed -10:00 AM Result: 5pm ,70,
ANA (Anti-Nuclear Abs) , Serum , Daily  run:11  Am-Result: 4 pm ,25,
ANA IF (Anti-Nuclear Abs) , Serum , Daily run: 12 pm-Result: 7 Pm ,40,
ANCA C (Antineutrophil Cytoplasmic Abs) , Serum , Daily run: 12 pm Result: 7 Pm ,75,
ANCA P (Antineutrophil Cytoplasmic Abs) , Serum , Daily run: 12 pm Result: 7 Pm ,75,
Androstenedione , Serum , - Run: Sat. 4 pm - Result: 10 pm ,275,
Anti-Phospholipids IgG , Serum , - Daily: 10 am - Result: 4 pm ,45,
Anti-Phospholipids IgM , Serum , - Daily: 10 am - Result: 4 pm ,45,
Anti-RH Ab Titre , 1ml Serum , 1 Day ,34,
Anti-Smooth Muscle Ab (ASMA) , Serum , Daily run: 12 Pm Result: 7 Pm ,75,
Anti-Ro (SSA) , Serum , - Daily: 12 pm - Result: 4 pm Add 1 day for a positive result ,55,
Anti-sacromyces Ab IgA (ASCA) , Serum , - Run: Sat. 11 Am- Result: 4 pm ,100,
Anti-sacromyces Ab IgG (ASCA) , Serum , - Run: Sat. 11 pm - Result: 4 pm ,100,
Anti-Scl 70 , Serum , - Daily: 12 pm- Result: 4 pm Add 1 day for a positive result ,80,
Anti-Smith Ab , Serum , - Daily: 12 pm- Result: 4 pm Add 1 day for a positive result ,80,
Anti-Sperm in Cervical , Secretion , - Run:Sat./Mon./Wed.11 Am- Result: 5 Pm ,50,
Anti-Sperm in Semen , Semen , - Run: Sat./Mon./Wed.12pm- Result:4 pm ,50,
Anti-Sperm in Serum , Serum , - Run: Sat./Mon./Wed. 12 pm- Result:4 pm ,50,
Anti-Streptolysin O Titre (ASOT) , Serum , 1 Day ,20,
Anti-Streptolysin O Titre (ASOT) , Serum , 1 Day ,10,
Anti-Thrombin III , Citrated plasma , 1 Day ,60,
Anti-Thyroglobulin (ATG) , Serum , 1 Day ,40,
Apo lipoprotein A , Serum , Run: Mon 4 PmResult: 10 pm ,20,
Apo lipoprotein B , Serum , Run: Mon 4 PmResult: 10 pm ,20,
Ascitic LDH/Serum LDH , Serum & Ascitic , 1 Day ,10,
AST (SGOT) , Serum , 1 Day ,5,
Barbiturates , Urine , 1 Day ,21,
Bence Jones Protein , 24h urine , 1 Day ,10,
Benzodiazepines , Urine , 1 Day ,21,
Beta 2 Microglobulin , Frozen serum , 1 Day ,45,
Ascitic LDH/Serum LDH , Serum & Ascitic sample , 1 Day ,10,
AST (SGOT) , Serum , 1 Day ,5,
Barbiturates , Urine , 1 Day ,21,
Bence Jones Protein , 24h urine , 1 Day ,10,
Benzodiazepine , Urine , 1 Day ,21,
Beta 2 Microglobulin , Frozen serum , 1 Day ,45,
B-HCG (Tumor Marker) , Serum , 1 Day ,21,
B-HCG (Quantitative) , Serum , 1 Day ,21,
Bicarbonate , Arterialheparin blood , 1 Day ,70,
Bilharzia Ab , Serum , 1 Day ,25,
Bilharzia Ag , Serum , 1 Day ,25,
Bilharzia Ag in urine , Urine , 1 Day ,25,
Bilirubin (Direct) , Serum , 1 Day ,5,
Bilirubin (Total) , Serum , 1 Day ,5,
BK. Virus PCR , 3ml EDTA plasma , 20 Days ,1000,
BK. Virus PCR in Urine , 10ml urine , 20 Days ,1000,
Blood culture , Blood , 5 days ,45,
Blood Urea , Serum , 1 Day ,5,
Body fluid profile (Chemistry+Cell count) , Body fluid , 1 Day ,40,
Brucella (Latex) , Serum , 1 Day ,7,
Brucella Antibodies IgG , Serum , 1 Day ,100,
Brucella Antibodies IgM , Serum , 1 Day ,100,
BUN , Serum , 1 Day ,5,
C3 (Complement 3) , Frozen serum , 1 Day ,18,
C4 (Complement 4) , Frozen serum , 1 Day ,18,
CA 125 , Serum , 1 Day ,38,
CA 15.3 , Serum , 1 Day ,38,
CA 19.9 , Serum , 1 Day ,38,
Calcium in urine , 5ml from 24h urine (Collected on HCl) , 1 Day ,8,
Calcium (Ionized) , Serum , 1 Day ,13,
Calcium (Total) , Serum , 1 Day ,8,
Calcium / Creatinine Ratio , Random urine sample , 1 Day ,13,
Calprotectin , Stool , 1 Day ,90,
Calprotectin Quantitative , Stool , 1 Day ,350,
Cannabinoids , Urine , 1 Day ,21,
Cannabinoids Titre , Urine , 1 Day ,150,
Catecholamine , 5ml from 24h urine (Collected on HCl) , 1 Day ,90,
CBC , EDTA blood , 1 Day ,15,
CEA , Serum , 1 Day ,25,
Ceruloplasmin , Serum , Run: Mon/Thu 4 Pm Result: 10 pm ,35,
Chloride , Serum , 1 Day ,14,
Chloride in urine , 5ml from 2h urine , 1 Day ,14,
Cholesterol , Serum , 1 Day ,7,
CK MB , Serum , 1 Day ,20,
CK Total (CPK) , Serum , 1 Day ,10,
Clot Lysis Test , Plasma , 5 Days ,80,
Clot Reaction , Blood , 5 Days ,80,
CMV DNA/PCR by Taqman Probe , 3ml EDTA Plasma , Run: Sat./Wen. 8Am Result next day ,200,
CMV IgG , Serum , 1 Day ,23,
CMV IgM , Serum , - Daily: 11 am 2 pm 7 pm-8:30 pm 3 am 5 am- Result: after 2 h ,26,
Cocaine , Urine , 1 Day ,21,
Coombs Test (Direct) , EDTA , 1 Day ,14,
Coombs Test (Indirect) , 1ml Serum , 1 Day ,17,
Copper (cu++) , Serum , 1 Day ,38,
Copper in urine , 5ml from 24h urine (Collected on HCl) , 1 Day ,38,
Cortisol (Free) urine , 5ml from 24hurine , 1 Day ,27,
Cortisol (Unextracted) urine , 5 ml from 24hurine , 1 Day ,27,
Cortisol AM , Serum , 1 Day ,27,
Cortisol PM , Serum , 1 Day ,27,
CD13 , 2ml EDTA whole blood , 4 Days ,100,
CD14 , 2ml EDTA whole blood , 4 Days ,100,
CD15 , 2ml EDTA whole blood , 4 Days ,100,
CD16 , 2ml EDTA whole blood , 4 Days ,100,
CD20 , 2ml EDTA whole blood , 4 Days ,100,
CD23 , 2ml EDTA whole blood , 4 Days ,100,
CD3 , 2ml EDTA whole blood , 4 Days ,100,
CD4 , 2ml EDTA whole blood , 4 Days ,100,
CD5 , 2ml EDTA whole blood , 4 Days ,100,
CD55 , 2ml EDTA whole blood , 4 Days ,100,
CD56 , 2ml EDTA whole blood , 4 Days ,100,
CD59 , 2ml EDTA whole blood , 4 Days ,100,
CD8 , 2ml EDTA whole blood , 4 Days ,100,
NK Cell , 2ml EDTA whole blood , 4 Days ,100,
C-Peptide Fasting , Serum , 1 Day ,41,
C-Peptide PP , Serum , 1 Day ,41,
Creatinine , Serum , 1 Day ,5,
Creatinine Clearance , Serum + 5ml from 24h urine , 1 Day ,11,
Creatinine in Urine , 5ml from 24h urine , 1 Day ,5,
CRP (Highly Sensitive) , Serum , 1 Day ,45,
CRP (C-Reactive Protein) , Serum , 1 Day ,10,
Cryoglobulin , Serum , 2 Days ,15,
CSF Examination , Fluid (on vacutainer) , 2 Days ,35,
Culture & Sensitivity (Aerobic), , 3 Days ,25,
Culture & Sensitivity (Anaerobic),  , 3 Days ,30,
Culture & Sensitivity (Aerobic) by API,  , 5 Days ,250,
Culture & Sensitivity (Anaerobic) by API, , 5 Days ,250,
Culture & Sensitivity (Aerobic+Anaerobic), , 3 Days ,45,
Culture & Sensitivity (Blood), , 10 Days ,42,
Culture & Sensitivity (TB) , , 30 Days ,70,
Culture & Sensitivity (Fungus) , , 16 Days ,30,
Culture & Sensitivity (Stool) , Sample on transport media , 3 Days ,25,
Culture & Sensitivity (Urine) , Sample on transport media , 3 Days ,20,
Cyclosporine (Sand immune) , EDTA blood , Run: Sat/Thu 4 Pm Result: 10 pm ,135,
Cytology report , Body fluid Contact Lab.For instructions , 3 Days ,100,
D-dimer , Citrate Plasma , 1 Day ,50,
Depakine (Valproic acid) , Serum , 1 Day ,35,
DHEA , Serum , 1 Day ,50,
DHEA-S(Dehydroepiandrosterone Sulphate) , Serum , 1 Day ,35,
Digoxin (Lanoxin) , Serum , Run: Sat/Thu 4 Pm Result: 10 pm ,45,
DNA (Anti DNA DS) , Serum , - Daily run: 11 Am - Result: 4 pm ,25,
DNA (Anti DNA DS) IF , Serum , - Daily run: 1 pm - Result: 24 - 48h ,30,
Drug abuse profile , Urine , 1 Day ,120,
EBV (VCA) IgG , Serum , - Daily run: 10 pm- Result: 4 pm ,40,
EBV (VCA) IgM , Serum , - Daily run: 10 pm- Result: 4 pm ,40,
eGFR , Serum , 1 Day ,40,
Epanutin (Dilantin) , Serum , 1 Day ,35,
Erythropoietin , Serum , One Week ,220,
Estradiol (E2) , Serum , 1 Day ,22,
Estriol Unconj. (uE3) , Serum , 2 Days ,200,
Factor V Leiden by PCR , 3ml whole EDTA blood , - Run: Sun/Wen.- Result next day ,250,
Factor II mutation by PCR , 3ml whole EDTA blood , - Run: Sat./Tues.- Result next day ,250,
Fasciola Ab , Serum , 1 Day ,50,
Ferritin , Serum , 1 Day ,25,
Fibrin Degradation Products(FDPs) , Citrated plasma , 1 Day ,45,
Fibrinogen , Plasma , 1 Day ,20,
Fibrosis-4 (FIB-4) , Serum , 3 Days ,75,
Fibromax , Serum , 3 Days ,1700,
Fibro test/Acti test , Serum , 3 Days ,1400,
Filaria Film , EDTA , 1 Day ,10,
FMF PCR 19 mutations , EDTA , Run: Sun./Wen.Result after two days ,500,
FOLIC ACID (Folate) , 2ml frozenserum , Run: Sat./Tus. 4 PmResult: 10 Pm ,80,
Fructosamine , Serum , Run: Mon./Thr. 4 PmResult: 10 Pm ,25,
Fructose in Semen , Semen , 1 Day ,21,
FSH , Serum , 1 Day ,14,
Fungus KOH preparation , Sample , 2 Days ,30,
G6PD , EDTA blood , 1 Day ,35,
GGT , Serum , 1 Day ,9,
Glucose , NaF Plasma , 1 Day ,6,
Glucose in CSF , CSF Sample , 1 Day ,6,
Gram staining , Sample , 2 Day ,10,
Growth Hormone , Serum , 5 Days ,26,
Hematocrit HCT , EDTA blood , 1 Day ,10,
Hemoglobin Hb , EDTA blood , 1 Day ,10,
Haptoglobin , Serum , Run: Mon 4 PmResult: 10 Pm ,35,
HAV IgG , Serum , 1 Day ,22,
HAV IgM , Serum , 1 Day ,20,
HBA1-C (GlycatedHaemoglubin) , 2ml EDTA blood , 1 Day ,20,
HBc IgG Total , Serum , Daily run: 10 pm-Result: 1 Am ,22,
HBc IgM , Serum , Daily run: 10 pm-Result: 1 Am ,27,
HBe Ab , Serum , Daily run: 10 pm-Result: 1 Am ,24,
HBe Ag , Serum , Daily run: 10 pm-Result: 1 Am ,24,
HBs Ab , Serum , 1 Day ,23,
HBs Ag , Serum , 1 Day ,18,
HBV DNA PCR Qualitative by Taqman Probe , 2ml EDTA plasma , 2 Days ,100,
HBV DNA PCR Quantitative byTaqman Probe , 2ml EDTA plasma , 2 Days ,110,
HBV PCR Quantitative AmpliPrep by Roche , 2ml EDTA plasma , 2 Days ,270,
HBV Genotyping by RFLP , 2ml EDTA plasma , 5 Days ,300,
HCV Genotyping by RFLP , 2ml EDTA plasma , 5 Days ,300,
HCV IgG , Serum , 1 Day ,23,
HCV RNA PCR Qualitative by Taqman Probe , 2ml EDTA plasma , 2 Days ,90,
HCV RNA PCR Quantitative by Taqman Probe , 2ml EDTA plasma , 2 Days ,100,
HCV PCR Quantitative AmpliPrep by Roche , 2ml EDTA plasma , 2 Days ,270,
HDL-Cholesterol , Serum , 1 Day ,10,
Helicobacter Pylori Abs , Serum , - Daily run: 2 pm 8:30 pm 5 am - Result: After 2 h ,22,
Helicobacter Pylori Ag , Stool , 1 Day ,50,
Helicobacter Pylori IgA , Serum , - Run:Sun./Tues./Thurs.10 am - Result: 4 pm ,25,
Helicobacter Pylori IgM , Serum , - Run: Sun./Tues./Thurs.10 am- Result: 4 pm ,25,
Hemoglobin electrophoresis , EDTA , - Run:Sun./Tues./Thurs.- Result: next day ,45,
Her-2 neu , Serum , 2 Days ,250,
Heroin , Urine , 1 Day ,21,
High multiplex real time PCR forRespiratory Panel , Nasopharyngeal aspirate- nasopharyngeal swab- and broncho-alveolar lavage , 72 hours ,2400,
High multiplex real time PCR for Human Papilloma Virus , In liquid- based cytology and cervical swab , 72 hours ,2300,
High multiplex real time PCR for Gastrointestinal Panel , Stool , 72 hours ,2400,
High multiplex real time PCR for Meningitis Panel , Cerebrospinal fluid (CSF) , 72 hours ,2400,
HIV 1&2 Ag/Ab Combo , Serum , 1 Day ,25,
HIV RNA Qualitative PCR by Taqman Probe , 2ml EDTA plasma , Run: Sun./Wen. Result next day ,225,
HIV RNA Quantitative PCR Taqman Probe , 2ml EDTA plasma , Run: Sun./Wen. Result next day ,225,
HLA B27 by PCR , Whole blood EDTA , Run: Sun./Wen. Result after two days ,200,
HOMA-IR , Serum &fluoride fasting , 1 Day ,32,
Homocysteine , Serum , 1 Day ,150,
HSV I IgG (Herpes simplex) , Serum , - Daily run: 10 Am - Result: 4 pm ,20,
HSV I IgM (Herpes simplex) , Serum , - Daily run: 10 Am - Result: 4 pm ,20,
HSV I/II DNA PCR , 2ml EDTA plasma , Run: Sun./Wen. Result next day ,350,
HSV II IgG (Herpes simplex) , Serum , - Daily run: 10 Am - Result: 4 pm ,21,
HSV II IgM (Herpes simplex) , Serum , - Daily run: 10 Am - Result: 4 pm ,21,
Hydatid Ab , Serum , 1 Day ,70,
IgA , Serum , 2 Days ,20,
IgE – Total , Serum , - Daily run: 10 Am - Result: 4 pm ,22,
IgE for milk allergy RAST , Serum , Run: Sun./Wen. 10Am Result: 4 Pm ,600,
IgE specific for food allergy RAST , Serum , Run: Sun./Wen. 10Am Result: 4 Pm ,380,
IgE specific for inhalant allergy RAST , Serum , Run: Sun./Wen. 10Am Result: 4 Pm ,380,
IgG , Serum , 1 Day ,21,
IgM , Serum , 1 Day ,21,
Influenza A H1N1 by PCR , Contact Lab , - Run: Sun./Wen.- Result: next day ,450,
Inhibin B , Serum , - Run: Sat. 4 pm - Result: 8 pm ,500,
Insulin Level , Serum , 1 Day ,27,
Interleukin 6 (IL6) , Serum , 1 Day ,200,
Interleukin 28B , 10ml whole blood EDTA , - Run: Sat./Tues. - Result: next day ,350,
Iron , Serum , 1 Day ,12,
JAK 2 Mutation , 10ml whole blood EDTA , Run: Sun./Wen. 8 Am Result: after two days ,250,
L.E Cells , Clotted blood , - Daily run: 11 Am - Result: 4 pm ,25,
Lactate , Heparinized plasma , 1 Day ,35,
Lactoferrin in Stool , Stool , 35 Days ,375,
Lamotrigine (Lamictal) , Serum , 15 Days ,440,
LDH (Lactate Dehydrogenase) , Serum , 1 Day ,8,
LDL - Cholesterol , Serum , 1 Day ,14,
LH , Serum , 1 Day ,14,
Lipase , Serum , 1 Day ,20,
Lipid profile , Serum , 1 Day ,35,
Lipoprotein a , Serum , 7 Days ,150,
Lithium Li , Serum , 1 Day ,20,
LKM (Liver Kidney Microsomal Ab) , Serum , - Daily run: 12 pm- Result: 7 Pm ,75,
Lupus Anticoagulants , Citratedplasma , 1 Day ,40,
LKM + ASMA + AMA , ,  ,120,
M2pk (quick schebo test) , Stool & Serum , 2 Days ,540,
Magnesium , Serum , 1 Day ,9,
Magnesium in urine , 5ml from 24h urine , 1 Day ,9,
Malaria Film , EDTA , 1 Day ,9,
Monospot Test , Serum , 1 Day ,30,
Morphine , Urine , 1 Day ,21,
MTHFR , 10ml whole blood EDTA , - Run: Sun./Wen.- Result: next day ,250,
Occult Blood in Stool , Stool , 1 Day ,15,
Opiates , Urine , 1 Day ,21,
Osmolality in Serum , Serum , 1 Day ,30,
Osmolality in Urine , Urine , 7 Days ,30,
Osmolality in Urine , 24h Urine , 7 Days ,30,
Osmotic Fragility , Heparinized Blood , 1 Day ,15,
Pap Smear ,  , 7 Days ,130,
Pathological Examination (Large) , Contact Lab For instructions , 4 Days ,200,
Pathological Examination(Small),Contact Lab For instructions , 4 Days ,150,
Paul Bunnel , Serum , 1 Day ,30,
Phosphorus , Serum , 1 Day ,8,
Phosphorus , 5ml from 24h urine , 1 Day ,8,
PIVKA II ( Des Gamma Carboxy-Prothrombin ) DCP , Citrated plasma , 1 Day ,600,
Platelet Antibodies (Direct) , EDTA blood , 1 Day ,180,
Platelet Antibody (Indirect) , Serum , 1 Day ,120,
Platelets Count , EDTA blood , 1 Day ,9,
Potassium (K) , Serum , 1 Day ,9,
Potassium (K) in urine , 5ml from 24h urine , 1 Day ,9,
Pregnancy Test (BHCG Qualitative) in Urine , Urine , 1 Day ,11,
Progesterone , Serum , 1 Day ,20,
Progesterone receptors , , 10 Days ,250,
Prolactin (PRL) , Serum , 1 Day ,14,
Protein (C) Activity , Citrated frozen plasma , Run: Sat./Wed. 5 PmResult: 10 pm ,110,
Protein (S) Activity , Citratedfrozen plasma , Run: Sat./Wed. 5 Pm Result: 10 pm ,110,
Protein electrophoresis , Serum , Run: Sat./Mon./Wed.- Result: 10 pm ,45,
Protein in 24h urine , 5ml from 24h urine , 1 Day ,12,
Protein in urine Random , Urine , 1 Day ,12,
Prothrombin Gene Mutation , 10ml whole blood EDTA , - Run: Sat./Tues.- Result: next day ,250,
PSA - TOTAL , Frozen serum , 1 Day ,26,
PSA – free , Frozen serum , 1 Day ,33,
PT/INR (Prothrombin time &conc.) , Citrated frozen plasma , 1 Day ,9,
PTH (Parathyroid Hormone) , Edta Plasma , 1 Day ,38,
PTT , Citrated frozen plasma , 1 Day ,11,
Quantiferon TB gold , Contact lab , - Run: Sat. 4 pm- Result: 8 pm ,800,
Reducing Sugar in Stool , Stool , 1 Day ,15,
Reducing Sugar in Urine , Urine , 5 Days ,15,
Reticulocyte count (Retics) , EDTA , 1 Day ,9,
Rh group , EDTA , 1 Day ,6,
Rheumatoid factor (RF) , Serum , 1 Day ,12,
RNP (Anti-Ribo Nucleoprotein Ab) , Serum , - Daily run: 12 pm- Result: 4 pm Add 1 day for a positive result ,100,
Rose Waaler (RW) , Serum , 1 Day ,13,
Rotavirus antigen in stool , Stool , 1 Day ,42,
RPR (Rapid plasma reagin) , Serum , 1 Day ,14,
Rubella IgG , Serum , 1 Day ,20,
Rubella IgM , Serum , Daily runs: 11 am 2 am 7 pm 8:30 pm 3 am 5 am Result: after 2 h ,23,
Semen analysis , Fresh semen , 1 Day ,15,
SHBG (Sex Hormone Binding Globulin) , Serum , - Run: Sat. 4 pm- Result: 8 pm ,95,
Sickling Test , EDTA , 2 Days ,35,
Sodium Na , Serum , 1 Day ,9,
Sodium Na , 5ml from 24h urine , 1 Day ,9,
Sperm DNA fragmentation test , Fresh semen , 48 hours ,1700,
Stone analysis , Sample , 2 Days ,15,
Stool analysis , Stool , 1 Day ,7,
T.B. Culture by Bactec , According to specimen , 30 Days ,285,
T3-Free , Serum , 1 Day ,14,
T3-Total , Serum , 1 Day ,11,
T3 Up take , Serum , 1 Day ,30,
T4-Free , Serum , 1 Day ,14,
T4-Total , Serum , 1 Day ,11,
TB DNA by PCR Teqman Probe , Specimen , - Run: Sun./Wed.- Result: next day ,200,
TB Examination (1 sample) , Sample , 1 Day ,10,
TB Examination (3 samples) , Sample , 3 Days ,25,
Tegretol (Carbamazepine) , Serum , 1 Day ,35,
Testosterone (Free) , Serum , 1 Day ,30,
Testosterone (Total) , Serum , 1 Day ,22,
Thrombin Time , Citrated frozen plasma , 5 Days ,45,
Thyroglobulin's , Serum , Run: Sat./Tue. 4 Pm-Result: 10 pm ,150,
TIBC (Total Iron Binding Capacity) , Serum , 1 Day ,18,
TLC (Ascitic) , Fluid , 1 Day ,10,
TORCH Profile , Serum , 2 Days ,160,
Total Leucocyte Count (TLC) , EDTA blood , 1 Day ,10,
Total Lipids , Serum , 1 Day ,35,
Total Protein , Serum , 1 Day ,9,
Total Protein (CSF) , CSF , 1 Day ,9,
Total Protein (Ascitic) , Ascitic fluid , 1 Day ,9,
Toxoplasma IgG , Serum , 1 Day ,21,
Toxoplasma IgM , Serum , - Daily runs:11 am 2 pm 7 pm 8:30 pm3 am 5 am- Result: after 2 h ,22,
TPHA , Serum , 1 Day ,50,
Tramadol , Urine , 1 Day ,25,
Transferrin , Serum , 2 Days ,50,
Transferrin Saturation , Serum , 2 Days ,35,
Triglycerides , Serum , 1 Day ,10,
Triple Markers , Contact Lab , 10 Days ,250,
Troponin I (Quantitative) , Serum , 1 Day ,70,
Troponin I (Qualitative) , Serum , 1 Day ,30,
TSH (Thyroid Stimulating Hormone) , Serum , 1 Day ,15,
Tuberculin Test , Skin , 3 Days ,45,
Tissue Trans glutaminase (TTG) IgA , Serum , - Run: Mon. 5 pm- Result: 8 pm ,150,
Tissue Trans glutaminase (TTG)IgG , Serum , - Run: Mon. 5 pm- Result: 8 pm ,150,
Urea Clearance , Serum + 5mlfrom 24h urine , 1 Day ,25,
Urea in 24h Urine , 5ml from 24hurine , 1 Day ,25,
Uric acid , Serum , 1 Day ,8,
Uric acid (urine) , 5ml 1st morning urine , 1 Day ,8,
Uric acid in Urine , 5ml from 24hurine , 1 Day ,8,
Urine Analysis , 5ml urine , 1 Day ,8,
VDRL , Serum , 1 Day ,10,
Vitamin B12 (Cyanocobalamine) , Serum , 1 Day ,120,
Vitamin D (1-25Dihydroxycholecalciferol) , Serum , 1 Day ,850,
Vitamin D (25 hydroxy-cholecalciferol) , Serum , 1 Day ,110,
VMA (VanyllylMandelic Acid) , 24h urine on 20ml 6N HCL , 1 Day ,55,
Widal Test , Serum , 1 Day ,15,
Zinc (Zn) , Serum , 1 Day ,55,
Zinc (Zn) Urine , 5ml from 24h urine , 1 Day ,300,
//////////////////////////////////////////////Contact Lab,,,,
11 Deoxy Cortisol , 2ml frozen serum ,15, Contact Lab,
17 Ketosteroids Urine , 20ml from 24 h urine on HCL ,10,Contact Lab, 
5 H.I.A.A IN 24 Hrs. URINE , 20ml from 24 h urine on HCL ,10, Contact Lab,
5'-Nucleotidase , 2ml frozen serum ,15,Contact Lab, 
A200 (Food Intolerance) , 2ml frozen serum ,20, Contact Lab,
Acetylcholine Esterase Ab , 2ml EDTA whole blood ,15, Contact Lab,
Activated protein C-resistance , 2ml citrated plasma ,4, Contact Lab,
Adenovirus antibody IgA , 2ml frozen serum ,20, Contact Lab,
Adenovirus antibody IgG , 2ml frozen serum ,20, Contact Lab,
Adenovirus antibody IgM , 2ml frozen serum ,20, Contact Lab,
Adenovirus by PCR , 3ml serum ,20, Contact Lab,
Aldolase , 2ml Serum ,4, Contact Lab,
Aldosterone in Urine24hrs , 20ml from 24h urine ,15, Contact Lab,
Alpha - Thalassemia , 3ml EDTA blood ,25,Contact Lab,
Alpha 1 Anti Trypsin (Genotyping) , 10ml EDTA whole blood ,20, Contact Lab,
Aluminum in Serum , 2ml serum ,5, Contact Lab,
Aluminum in Urine , 5ml urine ,5, Contact Lab,
Amikacin (amikin) , 2ml EDTA plasma ,15, Contact Lab,
Aminoacids Quantitative in Serum , 2ml frozen serum ,30, Contact Lab,
Aminoacids Quantitative in urine , 10ml urine ,30, Contact Lab,
Amiodarone , 2ml serum ,15, Contact Lab,
Anti-Endomisium IgA , 2ml serum ,15, Contact Lab,
Anti-Endomisium IgG , 2ml serum ,15, Contact Lab,
Anti-Endomysial IgM , 2ml frozen serum ,20, Contact Lab,
Anti-Factor XA Activity , 2ml frozen citrated plasma ,15, Contact Lab,
Anti-HU , 2ml serum ,15, Contact Lab,
Anti-RI , 2ml serum ,15, Contact Lab,
Anti-YO , 2ml serum ,15, Contact Lab,
Anti-Islet cell antibody , 2ml serum ,10, Contact Lab,
Anti-Keratin antibody (AKA) , 2ml serum ,10, Contact Lab,
Anti-Liver Soluble Antigen , 2ml frozen serum ,15, Contact Lab,
Anti-Mitochondrial Type M2 (AMAM2) , 2ml frozen serum ,15, Contact Lab,
Anti-MUSK Antibodies , 2ml frozen serum ,45, Contact Lab,
Anti-NMDA Receptor (NMDAR) Antibodies , 2ml serum ,21, Contact Lab,
Anti-Myeline Antibody , 2ml serum ,20, Contact Lab,
Anti-Reticulin , 2ml serum ,10, Contact Lab,
Anti-Reticulin IgA , 2ml frozen serum ,20, Contact Lab,
Anti-Reticulin IgG , 2ml frozen serum ,20, Contact Lab,
Anti-Striated Muscle Abs , 2ml serum ,15, Contact Lab,
Anti-gliadin antibody (IgM) , 2ml frozen serum ,20, Contact Lab,
Anti-Histone antibody , 2ml serum ,20, Contact Lab,
Anti-Ribosome Antibodies , 2ml serum ,15, Contact Lab,
Arsenic in Blood , 3ml heparinized whole blood ,10, Contact Lab,
Arsenic in Urine , 5ml urine ,10, Contact Lab,
Arylsulphatase A , 5ml EDTA whole blood , 2 Weeks , Contact Lab,
Arylsulphatase B , 8ml whole blood in special tube ,30, Contact Lab,
Aspergillus Ag , 2ml serum ,15, Contact Lab,
Aspergillus Antibody , 2ml frozen serum ,15, Contact Lab,
Atypical pneumonia serology , 2ml serum ,10, Contact Lab,
Bcr-abl (Fish) , 3ml heparinized whole blood ,15, Contact Lab,
Bcr-abl (PCR) , 3ml EDTA whole blood ,15, Contact Lab,
Beta gene mutation , 3ml EDTA whole blood ,25, Contact Lab,
Beta hydroxy butyric acid , 2ml frozen serum ,20, Contact Lab,
Beta 2 Transferrin , 2ml frozen serum ,20, Contact Lab,
BETA-Thalassemia , 2ml EDTA whole blood ,20,Contact Lab,
Bile Acids Total , 2ml frozen serum ,15,Contact Lab,
Biotinidase in Serum , 2ml frozen serum ,20,Contact Lab,
Bone Marrow Chromosomes , 3ml heparinized whole blood , 3 Weeks ,Contact Lab,
Borrelia (IgG) , 2ml frozen serum ,20,Contact Lab,
Borrelia (IgM) , 2ml frozen serum ,20,Contact Lab,
Borrelia By PCR , 2ml frozen serum ,35,Contact Lab,
BRCA1 & BRCA 2 , 5ml EDTA whole blood ,20,Contact Lab,
C1 Esterase Inhibitor (Activity) in Plasma , 2ml frozen citrated plasma ,15,Contact Lab,
C1 Esterase Inhibitor , 2ml serum ,20,Contact Lab,
CA 50 , 2ml serum ,15,Contact Lab,
CA 72-4 , 2ml serum ,15,Contact Lab,
Cadmium ( cd ) in Blood , 3ml heparinized whole blood ,10, Contact Lab,
Cadmium ( cd ) in Urine , 5ml urine ,10, Contact Lab,
Calcitonin , 2ml serum ,20, Contact Lab,
Cal Reticulin , 10ml EDTA whole blood ,30, Contact Lab,
Campylobacter Jujuni IgG , 2mL serum ,15, Contact Lab,
Candida Albicans IgA in Serum , 2mL serum ,15, Contact Lab,
Candida Albicans IgG in Serum , 2mL serum ,15, Contact Lab,
Candida Albicans IgM in Serum , 2mL serum ,15, Contact Lab,
Carnitine in Serum (Total & Free) , 2ml frozen serum ,15, Contact Lab,
Casein IgG , 2ml serum ,15, Contact Lab,
Catecholamine in Plasma , 3ml frozen EDTA plasma ,15, Contact Lab,
Catecholamine in Urine 24H , 10ml from 24h urine ,20, Contact Lab,
CD (glycophorin A) , 2ml EDTA whole blood ,10, Contact Lab,
CD (HLA-DR) , 2ml EDTA whole blood ,10, Contact Lab,
CD (Kappa) , 2ml EDTA whole blood ,10, Contact Lab,
CD (Lambda) , 2ml EDTA whole blood ,10, Contact Lab,
CD (MPO) , 2ml EDTA whole blood ,10, Contact Lab,
CD (sIg) , 2ml EDTA whole blood ,10, Contact Lab,
CD (TdT) , 2ml EDTA whole blood ,10, Contact Lab,
CD10 , 2ml EDTA whole blood ,10, Contact Lab,
CD103 , 2ml EDTA whole blood ,10, Contact Lab,
CD19 , 2ml EDTA whole blood ,10, Contact Lab,
CD22 , 2ml EDTA whole blood ,10, Contact Lab,
CD33 , 2ml EDTA whole blood ,10, Contact Lab,
CD34 , 2ml EDTA whole blood ,10, Contact Lab,
CD38 , 2ml EDTA whole blood ,10, Contact Lab,
CD41 , 2ml EDTA whole blood ,10, Contact Lab,
CD45 , 2ml EDTA whole blood ,10, Contact Lab,
CD7 , 2ml EDTA whole blood ,10, Contact Lab,
CD79a , 2ml EDTA whole blood ,10, Contact Lab,
CH 100 , 2ml frozen serum ,20, Contact Lab,
CH 50 , 2ml frozen serum ,15, Contact Lab,
Chlamydia Pneumonia antibody IgA , 2ml frozen serum ,15, Contact Lab,
Chlamydia Pneumonia antibody IgG , 2ml frozen serum ,15, Contact Lab,
Chlamydia Pneumonia antibody IgM , 2ml frozen serum ,15, Contact Lab,
Chlamydia Trach. Ag , Vaginal swab (dracon swab) ,20, Contact Lab,
Chlamydia Trachomatis IgA , 2ml frozen serum ,15, Contact Lab,
Chlamydia Trachomatis IgG , 2ml frozen serum ,15, Contact Lab,
Chlamydia Trachomatis IgM , 2ml frozen serum ,15, Contact Lab,
Chlamydia Trachomatis PCR InUrine , 10ml urine ,15, Contact Lab,
Chromium in blood , 3ml heparinized whole blood ,10, Contact Lab,
Chromium in urine , 5ml urine ,20, Contact Lab,
Chromogranin A in Serum , 2ml frozen serum ,15, Contact Lab,
Circulating immune complex , 2ml serum ,15, Contact Lab,
Citrate in Urine , 10ml 24h urine ,7, Contact Lab,
Clonazepam (Rivotril) in Serum , 2ml serum ,15, Contact Lab,
Clostridium Difficile Culture , Stool ,15, Contact Lab,
Clostridium Difficile Cytotoxin B , Stool ,15, Contact Lab,
Cobalt in Serum , 2ml frozen serum ,15, Contact Lab,
Cobalt in urine , 24h urine ,35, Contact Lab,
Cold Agglutinin , 2ml serum ,5, Contact Lab,
Complement (C2) , 2ml serum ,15, Contact Lab,
Complement (C5) , 2ml serum ,15, Contact Lab,
Complement (C9) , 2ml frozen serum ,20, Contact Lab,
Complement C1q , 2ml serum ,20, Contact Lab,
Coproporphyrin in urine , 10ml from 24h urine ,20, Contact Lab,
Cortisol in saliva , 2ml frozen serum ,15, Contact Lab,
COXSACKIE A9 Antibody IgG , 2ml serum ,20, Contact Lab,
COXSACKIE A9 Antibody IgM , 2ml serum ,20, Contact Lab,
Coxsackie B Antibody (IgG) , 2ml serum ,20, Contact Lab,
Coxsackie B Antibody (IgM) , 2ml serum ,20, Contact Lab,
Cryptococcus antigen , 2ml frozen serum ,15, Contact Lab,
Cystatin C in Serum , 2ml frozen serum ,15, Contact Lab,
Cystic fibrosis , 3ml EDTA whole blood ,25, Contact Lab,
Cystine in Serum , 2ml serum ,15, Contact Lab,
Cystine in Urine , 10ml from 24h frozen urine ,15, Contact Lab,
Cytogenatic Analysis of PeripheralBlood , 3ml heparinized whole blood ,15, Contact Lab,
Cytotoxic Lymphocytes Antibody , 2ml serum ,15, Contact Lab,
Cytosol Antibodies (LC1) , 2ml serum ,25,Contact Lab,
CYFRA 21-1 (TUMOR MARKER)-SERUM , 2ml serum ,20, Contact Lab,
Delta Aminolevulinic Acid , 10ml urine ,20, Contact Lab,
DHT , 2ml frozen serum ,15, Contact Lab,
DNA Finger Print , 2ml EDTA whole blood ,20, Contact Lab,
Double Test PAPP + free HCG  , 2ml serum ,5,Contact Lab,
Duchene Muscle Dystrophy , 10ml EDTA whole blood ,60,Contact Lab,
Echinococcus granulosus antibody , 2ml serum ,15, Contact Lab,
Echovirus serology , 2ml serum ,15, Contact Lab,
Entamaoba histolytica antibody(IgG) , 2ml frozen serum ,20, Contact Lab,
Entamaoba histolytica antibody(IgM) , 2ml frozen serum ,20, Contact Lab,
Esterone (E1) , 2ml frozen serum ,15, Contact Lab,
Ethanol , 2ml EDTA whole blood ,15, Contact Lab,
Everolimus (Certican) , 2ml EDTA whole blood ,15, Contact Lab,
Factor II , 2ml frozen citrated plasma ,15, Contact Lab,
Factor IX , 2ml frozen citrated plasma ,15, Contact Lab,
Factor V , 2ml frozen citrated plasma ,15, Contact Lab,
Factor VII , 2ml frozen citrated plasma ,15, Contact Lab,
Factor VIII , 2ml frozen citrated plasma ,15, Contact Lab,
Factor X , 2ml frozen citrated plasma ,15, Contact Lab,
Factor XI , 2ml frozen citrated plasma ,15, Contact Lab,
Factor XII , 2ml frozen citrated plasma ,15, Contact Lab,
Factor XIII , 2ml frozen citrated plasma ,15, Contact Lab,
Fatty acids erythrocytes (zone diet) including lipid and carbohydrate profile- whole blood , 2ml EDTA whole blood & 2ml serum ,35, Contact Lab,
Fibronectin , 2ml frozen EDTA plasma ,20, Contact Lab,
FISH For 5Q , Bone Marrow or 3ml heparinized whole blood , 10 Days , Contact Lab,
FISH For 7Q , Bone Marrow or 3ml heparinized whole blood , 10 Days , Contact Lab,
Fragile X syndrome DNA , 10ml EDTA whole blood , 1 Month , Contact Lab,
Free beta subunit , 2ml frozen serum ,20, Contact Lab,
Free Fatty Acids , 2ml frozen serum ,15, Contact Lab,
Free Androgen in serum , 2ml frozen serum ,20, Contact Lab,
Gabapentin , 2ml frozen serum ,20, Contact Lab,
Gastrin , 2ml frozen serum ,15, Contact Lab,
Glucagon , 2ml frozen EDTA plasma ,25, Contact Lab,
Glutathione reductase , 3ml heparinized whole blood ,20, Contact Lab,
Glycine in CSF , 2ml frozen CSF ,20, Contact Lab,
Glycine in Plasma , 2ml frozen heparinized plasma ,20, Contact Lab,
HCV by RIBA , 2ml serum ,7, Contact Lab,
HDV Ag , 2ml serum ,15, Contact Lab,
HDV-RNA Qualitative , 2ml frozen serum ,20, Contact Lab,
HDV-RNA Quantitative , 2ml frozen serum ,31, Contact Lab,
Hepatitis Delta IgG , 2ml serum ,15, Contact Lab,
Hepatitis Delta IgM , 2ml serum ,15, Contact Lab,
HEV IgG , 2ml serum ,15, Contact Lab,
HEV IgM , 2ml serum ,15, Contact Lab,
HEXOKINASE (HK) ERYTHROCYTIC , 5ml EDTA whole blood ,30, Contact Lab,
IgE SPECIFIC ANTIBODIES FOR GLUTEN , 2ml serum ,15, Contact Lab,
IgE Specific Antibodies For Aspergillus , 2ml frozen serum ,15, Contact Lab,
IgG in CSF (Quantitative) , 2ml CSF ,20, Contact Lab,
IGG4 , 2ml serum ,15, Contact Lab,
Imipramin (Tofranil) After , 2ml serum ,15, Contact Lab,
Imipramin (Tofranil) Before , 2ml serum ,15, Contact Lab,
Imipramin (Tofranil) Random , 2ml serum ,15, Contact Lab,
Immunofixation Electrophoresis in CSF , 2ml frozen serum + 2ml CSF ,20, Contact Lab,
Immunofixation in serum , 2ml serum ,20, Contact Lab,
Immunoelectrophoresis in urine , 20ml of 24h urine ,20, Contact Lab,
Influenza B virus antibody (IgG) , 2ml serum ,20, Contact Lab,
Influenza B virus antibody (IgM) , 2ml frozen serum ,20, Contact Lab,
Inhibin A , 2ml frozen serum ,40, Contact Lab,
Intrinsic factor blocking antibody , 2ml serum ,15, Contact Lab,
Iron in urine , 10ml of 24h urine ,15, Contact Lab,
Irregular Agglutinin , 2ml frozen serum ,20, Contact Lab,
Irregular Antibody Panel , EDTA/Serum ,5, Contact Lab,
Kappa light chain in Serum , 2ml serum ,7, Contact Lab,
Kappa light chain in Urine , 5ml urine ,7, Contact Lab,
Karyotyping , 3ml heparinized whole blood ,25, Contact Lab,
Karyotyping in Tissue , Body Fluid-العينة تأتي على محلول ملحي أو ميديا يوفرها مركز الوراثة ,40,Contact Lab,
Karyotyping Breakage , 3ml heparinized whole blood ,25, Contact Lab,
Karyotyping in Amniocentesis , Body Fluid ,25, Contact Lab,
Lambda light chain in Serum , 2ml serum ,7, Contact Lab,
Lambda light chain in Urine , 5ml urine ,7, Contact Lab,
Lamotrigine (Lamictal) , 2ml frozen serum ,15, Contact Lab,
LDH isoenzymes , 2ml frozen serum ,15, Contact Lab,
Lead (pb) in blood , 3ml heparinized whole blood ,10, Contact Lab,
Lead in hair , 0.5 gram Hair ,10, Contact Lab,
Lead in Nail , 0.5 gram Nail ,10,Contact Lab,
Lead in Urine ,  5ml urine ,10,Contact Lab,
Legionella Antigen in urine ,  5ml urine ,15,Contact Lab,
Leishmania Antibody (IgG) ,  2ml frozen serum ,20,Contact Lab,
Leishmania Antibody (IgM) ,  2ml frozen serum ,20,Contact Lab,
Leptin in Serum ,  2ml frozen serum ,20,Contact Lab,
Leptospira antibody (IgG) ,  2ml frozen serum ,20,Contact Lab,
Leptospira antibody (IgM) ,  2ml serum ,15,Contact Lab,
Leucine Aminopeptidase ,  2ml serum ,15,Contact Lab,
Leucocyte Alkaline Phosphatase LAP Score ,  2ml EDTA whole blood-10 Fresh blood films from finger brick ,1 Week ,Contact Lab,
Levetiracetam (kepradil) Level ,  2ml serum ,15,Contact Lab,
Lipoprotein (a) ,  2ml serum ,15,Contact Lab,
Lipoprotein Electrophoresis ,  2ml serum ,15,Contact Lab,
Lyme Disease ,  2ml serum ,15,Contact Lab,
Lysozyme in serum ,  2ml frozen serum ,15, Contact Lab,
Lysozyme in urine ,  10ml urine ,15,Contact Lab,
Malaria Ab Test (IgG) ,  2ml serum ,20,Contact Lab,
Manganese in Blood ,  3ml heparinized whole blood ,7,Contact Lab,
Manganese in Serum ,  2ml serum ,7,Contact Lab,
Manganese in Urine , 5ml urine ,7,Contact Lab,
Measles (IgG) antibody ,  2ml frozen serum ,15,Contact Lab,
Measles (IgM) antibody ,  2ml frozen serum ,15,Contact Lab,
Mercury in blood , 3ml heparinized whole blood ,10,Contact Lab,
Mercury in hair , 0.5 gram Hair ,10,Contact Lab,
Mercury in Urine , 5ml urine ,10,Contact Lab,
Metabolic Screen , 3ml heparinized whole blood ,30, Contact Lab,
Metanephrines Fractions in Plasma , 2ml frozen EDTA plasma ,15,Contact Lab,
Metanephrines in Urine , 10ml of 24h urine ,15,Contact Lab,
Metha Haemoglobin , 3ml EDTA whole blood ,15,Contact Lab,
Methadone , 10ml urine ,20,Contact Lab,
Methotrexate , 2ml serum ,15,Contact Lab,
Methyl Malonic Acid in Serum , 5ml frozen serum ,20,Contact Lab,
Methyl Malonic Acid in Urine , 50ml frozen urine ,20,Contact Lab,
Mucopolysaccharides in Urine , 50ml urine ,20,Contact Lab,
Mumps Virus Ab (IgG) , 2ml frozen serum ,15,Contact Lab,
Mumps Virus Ab (IgM) , 2ml frozen serum ,20,Contact Lab,
Mycoplasma pneumoniae antibody (IgG) , 2ml serum ,15,Contact Lab,
Mycoplasma pneumoniae antibody (IgM) , 2ml serum ,15,Contact Lab,
Myoglobin in Serum , 2ml serum ,15, Contact Lab,
Myoglobin in urine , 10ml of 24h urine ,20,Contact Lab,
Neonatal Screen , Blood on filter paper ,20,Contact Lab,
Nickel in Blood , 3ml heparinized whole blood ,10,Contact Lab,
Neobona , Blood in special tube ,10,Contact Lab,
Nickel in urine , 5ml urine ,15,Contact Lab,
Nicotine in Serum , 2ml frozen serum ,20,Contact Lab,
Nicotine in Urine , 10ml urine ,15,Contact Lab,
NK Cells (Flow) , 2ml EDTA whole blood ,10,Contact Lab,
NMO (Aqua Purin - 4 Abs) , 2ml serum ,20,Contact Lab,
NSE , 2ml serum ,15,Contact Lab,
NTX in urine , 10ml urine ,15,Contact Lab,
Oligoclonal bands in CSF & Serum , 2ml serum + CSF ,15,Contact Lab,
Organic acid in Serum , 2ml frozen serum ,30,Contact Lab,
Organic acid in Urine , 10ml frozen urine ,30,Contact Lab,
Osteocalcin , 2ml frozen serum ,15,Contact Lab,
Oxalate in 24h Urine , 20ml of 24h urine ,10,Contact Lab,
Oxalic acid in blood , 2ml frozen serum ,20,Contact Lab,
Oxcarbazepine in Serum , 2ml serum ,20,Contact Lab,
P1NP , 2ml serum ,20,Contact Lab,
Panel Reactive Abs (PRA) , 2ml serum ,10,Contact Lab,
Parainfluenza virus antibody Type1-2-3- 4 IgG , 2ml frozen serum ,20,Contact Lab,
Parvovirus Ab. B 19 (IgG) , 2ml frozen serum ,15,Contact Lab,
Parvovirus Ab. B 19 (IgM) , 2ml frozen serum ,20,Contact Lab,
Parvovirus B19 by PCR , 2ml serum ,15,Contact Lab,
Phenobarbital in serum , 2ml frozen serum ,15,Contact Lab,
Philadelphia Chromosome by FISH (Blood) , 3ml heparinized whole blood ,10, Contact Lab,
Philadelphia chromosome by PCR (Blood) , 5ml EDTA whole blood &تقرير صورة الدم,20,Contact Lab,
Phenylketonuria , 5ml EDTA whole blood ,45,Contact Lab,
Phytanic Acid , 2ml frozen serum ,15,Contact Lab,
Phenylalanine in Plasma , 2ml frozen serum/heparinized plasma ,15,Contact Lab,
Phenylalanine in Urine , 5ml frozen urine ,15,Contact Lab,
Plasminogen activator inhibitor , 2ml frozen citrated plasma ,15,Contact Lab,
Plasminogen in Plasma , 2ml frozen citrated Plasma ,20,Contact Lab,
Porphyrins in Urine , 10ml of 24h urine ,30,Contact Lab,
Protoporphyrin - Zinc , 3ml EDTA whole blood ,15,Contact Lab,
Procalcitonin , Serum , 7 Days ,Contact Lab,
Procollagen III , 2ml frozen serum ,15,Contact Lab,
Proinsulin , 3ml frozen serum ,15,Contact Lab,
PRO-BNP , 2ml frozen EDTA plasma ,15,Contact Lab,
Prostaglandin E2 in Plasma , 2ml frozen EDTA plasma ,60,Contact Lab,
Prostaglandin E2 in Urine , 10ml of 24h urine ,45,Contact Lab,
PROTEIN BOUND IODINE (PBI) , 2ml serum ,4,Contact Lab,
Protein Electrophoresis In Urine , 20ml of 24h urine ,15,Contact Lab,
Pyruvate Kinase , 2ml EDTA whole blood ,15,Contact Lab,
Pyruvate in CSF , 2ml CSF ,15,Contact Lab,
RNA Polymerase III Abs IgG inSerum , 2ml serum ,45,Contact Lab,
Salicylates in blood , 2ml serum ,15,Contact Lab,
Scaly Cells Carcinoma (SCC) Ag in Serum , 2ml serum ,15,Contact Lab,
Serotonin in Serum , 2ml serum ,20, Contact Lab,
Silver in Serum , 2ml serum ,10,Contact Lab,
Single Antigen PRA (Class I) , 2ml serum ,10,Contact Lab,
Single Antigen PRA (Class II) , 2ml serum ,10,Contact Lab,
Sirolimus (Rapamycin) Level , 2ml EDTA whole blood ,10,Contact Lab,
SOLUBLE TRANSFERRIN RECEPTOR , 2ml frozen serum ,15,Contact Lab,
Spinal Muscular Atrophy , 5ml EDTA whole blood ,60,Contact Lab,
Sucrose Lysis Test , 2ml serum & 2ml EDTA whole blood ,4,Contact Lab,
Taenia abs (Cysticercosis) IgG , 2ml serum ,20,Contact Lab,
Taurine in Plasma , 2ml frozen heparinized plasma ,15,Contact Lab,
Taurine in Urine , 2ml frozen serum ,15,Contact Lab,
Theophilline in Serum , 2ml serum ,15,Contact Lab,
Thiopurinmethyltransferase (TPMT)in blood , 5ml EDTA whole blood ,45,Contact Lab,
Thyroid Binding Globulin (TBG) , 3ml serum ,4,Contact Lab,
Tissue Polypeptide antigen (TPA) , 2ml serum ,15,Contact Lab,
Toxocara Canis Antibodies IgG , 2ml serum ,20,Contact Lab,
Toxoplasma DNA by PCR , 5ml EDTA whole blood ,15,Contact Lab,
Treponema Pallidum Ab (TPI) IgG , 2ml frozen serum ,20,Contact Lab,
Treponema Pallidum Ab (TPI) IgM , 2ml frozen serum ,20,Contact Lab,
Troponine T , 2ml serum ,15,Contact Lab,
Tryptase in Serum , 2ml serum ,15,Contact Lab,
Tumor Necrosis Factor (TNF) , 2ml frozen serum ,30,Contact Lab,
Vancomycin , 2ml frozen serum ,15,Contact Lab,
Varicella Zoster IgG , 2ml serum ,15,Contact Lab,
Varicella Zoster IgM , 2ml frozen serum ,20,Contact Lab,
Vasoactive Intestinal Peptide (VIP) , 2ml frozen EDTA plasma ,15,Contact Lab,
Very Long Chain Fatty Acids , 3ml serum ,30,Contact Lab,
Vitamin A , 2ml frozen serum ,15,Contact Lab,
Vitamin B1 (Thiamine) , 3ml EDTA whole blood ,15,Contact Lab,
Vitamin B2 (FAD) , 3ml EDTA whole blood ,20,Contact Lab,
Vitamin B3 (Niacina) , 2ml frozen heparinized whole blood ,15,Contact Lab,
Vitamin B5 (Phathotenic Acid) , 3ml frozen serum ,20,Contact Lab,
Vitamin B6 (pyridoxal phosphate) , 2ml frozen serum ,15,Contact Lab,
Vitamin C in Plasma , 2ml frozen heparinized plasma ,15,Contact Lab,
Vitamin C in Urine , 10ml of 24h frozen urine ,30,Contact Lab,
Vitamin E , 2ml frozen serum in Foil Paper ,15,Contact Lab,
Vitamin H , 2ml frozen serum ,20,Contact Lab,
Vitamin K1 ,  3ml frozen serum ,20,Contact Lab,
Von Willibrand Factor - Antigen , 2ml frozen citrated plasma ,15,Contact Lab,
Von Willibrand Factor Activity(Ristocetin Cofactor) , 2ml frozen citrated plasma,15,Contact Lab,
Water Chemistry Exam ,1.0 Litre drinking water ,7,Contact Lab,
